"108.162.222.167","","United States","US","San Francisco","2016-06-15 08:54:14"
"173.245.56.194","cf-173-245-56-194.cloudflare.com","United States","US","San Francisco","2016-06-15 08:53:39"
"173.245.54.193","","United States","US","San Francisco","2016-06-15 07:45:13"
"173.245.54.205","","United States","US","San Francisco","2016-06-15 07:45:13"
"173.245.56.177","cf-173-245-56-177.cloudflare.com","United States","US","Ashburn","2016-06-15 07:45:13"
"46.148.18.162","","Ukraine","UA","Ukrainka","2016-06-15 07:45:13"
"46.148.22.18","","Ukraine","UA","Ukrainka","2016-06-15 07:45:13"
"2001:41d0:a:7c93::","","France","FR","Roubaix","2016-06-15 06:22:11"
"108.162.222.179","","United States","US","San Francisco","2016-06-14 14:26:51"
"108.162.245.34","","United States","US","Palo Alto","2016-06-14 10:59:07"
"108.162.221.242","","United States","US","Dallas","2016-06-14 10:52:00"
"108.162.246.51","","United States","US","Bremerton","2016-06-14 09:13:48"
"173.245.56.199","cf-173-245-56-199.cloudflare.com","United States","US","San Francisco","2016-06-14 09:12:25"
"173.245.56.211","cf-173-245-56-211.cloudflare.com","United States","US","San Francisco","2016-06-14 09:11:56"
"108.162.222.186","","United States","US","San Francisco","2016-06-14 09:11:25"
"108.162.222.101","","United States","US","San Francisco","2016-06-14 09:10:56"
"199.27.133.113","","United States","US","Menlo Park","2016-06-14 09:10:27"
"108.162.246.55","","United States","US","Bremerton","2016-06-13 15:58:16"
"108.162.246.52","","United States","US","Seattle","2016-06-13 13:23:36"
"108.162.245.60","","United States","US","Palo Alto","2016-06-13 13:23:06"
"173.245.53.120","cf-173-245-53-120.cloudflare.com","United States","US","San Francisco","2016-06-13 07:59:16"