"213.251.182.111","gw-cluster011.ovh.net","France","FR","Roubaix","2016-06-13 00:54:33"
"213.251.182.106","gw-cluster006.ovh.net","France","FR","Roubaix","2016-06-13 00:54:33"
"108.170.29.42","server1.supercloudserver.com","United States","US","Tempe","2016-06-13 00:54:33"
"108.59.254.46","vps-1048256-3584.manage.myhosting.com","United States","US","Pittsford","2016-06-13 00:54:33"
"112.125.124.6","","China","CN","Hangzhou","2016-06-13 00:54:33"
"112.175.184.31","dot31.dothome.co.kr","Republic of Korea","KR","Seongnam-si (Buljeong-ro)","2016-06-13 00:54:33"
"112.78.1.4","","Vietnam","VN","Ho Chi Minh City","2016-06-13 00:54:33"
"112.82.43.102","","China","CN","Nanjing","2016-06-13 00:54:33"
"114.226.181.242","242.181.226.114.broad.cz.js.dynamic.163data.com.cn","China","CN","Changzhou","2016-06-13 00:54:33"
"114.80.96.144","","China","CN","Shanghai","2016-06-13 00:54:33"
"115.146.123.157","","Vietnam","VN","Hanoi","2016-06-13 00:54:33"
"115.28.111.201","","China","CN","Hangzhou","2016-06-13 00:54:33"
"116.12.200.211","marsb.alevate.com","Singapore","SG","Singapore","2016-06-13 00:54:33"
"118.69.205.52","sanny52.orcponz.net","Vietnam","VN","Hanoi","2016-06-13 00:54:33"
"120.27.107.165","","China","CN","Hangzhou","2016-06-13 00:54:33"
"121.40.38.232","","China","CN","Hangzhou","2016-06-13 00:54:33"
"121.42.154.116","","China","CN","Hangzhou","2016-06-13 00:54:33"
"123.31.26.52","","Vietnam","VN","Hanoi","2016-06-13 00:54:33"
"125.234.238.91","125.234.238.91.hcm.viettel.vn","Vietnam","VN","Ho Chi Minh City","2016-06-13 00:54:33"
"133.130.114.137","v133-130-114-137.a045.g.tyo1.static.cnode.io","Japan","JP","Chiyoda","2016-06-13 00:54:33"
"133.130.124.174","v133-130-124-174.a057.g.tyo1.static.cnode.io","Japan","JP","Chiyoda","2016-06-13 00:54:33"
"133.242.130.146","www2132ui.sakura.ne.jp","Japan","JP","Sapporo","2016-06-13 00:54:33"
"134.213.150.155","renouve.com","United Kingdom","GB","London","2016-06-13 00:54:33"
"134.249.53.185","134-249-53-185-broadband.kyivstar.net","Ukraine","UA","Lviv","2016-06-13 00:54:33"
"138.201.151.94","static.94.151.201.138.clients.your-server.de","Germany","DE","Gunzenhausen (Frickenfelden)","2016-06-13 00:54:33"
"139.129.130.253","","China","CN","Hangzhou","2016-06-13 00:54:33"
"139.129.14.230","","China","CN","Hangzhou","2016-06-13 00:54:33"
"144.76.113.137","static.137.113.76.144.clients.your-server.de","Germany","DE","Gunzenhausen (Frickenfelden)","2016-06-13 00:54:33"
"144.76.115.199","static.199.115.76.144.clients.your-server.de","Germany","DE","Gunzenhausen (Frickenfelden)","2016-06-13 00:54:33"
"144.76.14.239","srv03de.lintranex.com","Germany","DE","Gunzenhausen (Frickenfelden)","2016-06-13 00:54:33"
"144.76.15.40","static.40.15.76.144.clients.your-server.de","Germany","DE","Gunzenhausen (Frickenfelden)","2016-06-13 00:54:33"
"144.76.175.99","static.99.175.76.144.clients.your-server.de","Germany","DE","Gunzenhausen (Frickenfelden)","2016-06-13 00:54:33"
"146.185.251.210","","Russia","RU","Saint Petersburg","2016-06-13 00:54:33"
"146.185.251.48","","Russia","RU","Saint Petersburg","2016-06-13 00:54:33"
"148.251.124.244","realsweb.com","Germany","DE","Gunzenhausen (Frickenfelden)","2016-06-13 00:54:33"
"148.251.47.144","ps2.greekreporter.com","Germany","DE","Gunzenhausen (Frickenfelden)","2016-06-13 00:54:33"
"149.56.143.141","141.ip-149-56-143.net","Canada","CA","Montreal","2016-06-13 00:54:33"
"149.56.45.30","30.ip-149-56-45.net","Canada","CA","Montreal","2016-06-13 00:54:33"
"151.80.157.91","91.ip-151-80-157.eu","France","FR","Roubaix","2016-06-13 00:54:33"
"159.253.213.46","mail.cloud9i.co.uk","United Kingdom","GB","Piccadilly Plaza","2016-06-13 00:54:33"
"159.253.39.206","206blw4od.ni.net.tr","Turkey","TR","Ba?ba??","2016-06-13 00:54:33"
"162.144.194.24","server.rci-apac.com","United States","US","Provo","2016-06-13 00:54:33"
"162.144.47.66","server.bfsbankruptcy.com","United States","US","Provo","2016-06-13 00:54:33"
"163.172.143.0","0-143-172-163.rev.cloud.scaleway.com","France","FR","Paris (8th arrondissement of Paris)","2016-06-13 00:54:33"
"164.132.95.19","","France","FR","Roubaix","2016-06-13 00:54:33"
"166.62.32.162","ip-166-62-32-162.ip.secureserver.net","United States","US","Scottsdale","2016-06-13 00:54:33"
"166.62.80.225","ip-166-62-80-225.ip.secureserver.net","United States","US","Scottsdale","2016-06-13 00:54:33"
"166.63.124.235","srv10eb.cloudix.com","United States","US","Columbus","2016-06-13 00:54:33"
"167.114.208.52","ns515037.ip-167-114-208.net","Canada","CA","Montreal","2016-06-13 00:54:33"
"167.114.242.5","5.ip-167-114-242.eu","France","FR","Roubaix","2016-06-13 00:54:33"
"169.255.59.143","","South Africa","ZA","Randburg (Ferndale)","2016-06-13 00:54:33"
"173.201.185.8","ip-173-201-185-8.ip.secureserver.net","United States","US","Scottsdale","2016-06-13 00:54:33"
"173.208.177.59","","United States","US","Kansas City","2016-06-13 00:54:33"
"173.236.176.15","lotus.dreamhost.com","United States","US","Brea","2016-06-13 00:54:33"
"174.34.170.227","227.170.34.174.reverse.snakevirtual.com","United States","US","Phoenix","2016-06-13 00:54:33"
"176.101.177.4","ispconfig.wircom.sk","Slovak Republic","SK","Dolne Trhoviste","2016-06-13 00:54:33"
"176.120.24.141","clt-176-120-24-141.z1.netpoint-dc.com","Russia","RU","Nizhny Novgorod","2016-06-13 00:54:33"
"176.31.1.237","juguetocio.com","Spain","ES","Madrid","2016-06-13 00:54:33"
"176.31.120.192","ns331073.ip-176-31-120.eu","France","FR","Roubaix","2016-06-13 00:54:33"
"176.9.149.182","static.182.149.9.176.clients.your-server.de","Germany","DE","Gunzenhausen (Frickenfelden)","2016-06-13 00:54:33"
"176.9.151.219","static.219.151.9.176.clients.your-server.de","Germany","DE","Gunzenhausen (Frickenfelden)","2016-06-13 00:54:33"
"176.9.60.246","static.246.60.9.176.clients.your-server.de","Germany","DE","Gunzenhausen (Frickenfelden)","2016-06-13 00:54:33"
"176.9.78.35","static.35.78.9.176.clients.your-server.de","Germany","DE","Gunzenhausen (Frickenfelden)","2016-06-13 00:54:33"
"178.137.16.109","178-137-16-109-lvv.broadband.kyivstar.net","Ukraine","UA","Lviv","2016-06-13 00:54:33"
"178.137.93.24","178-137-93-24-lvv.broadband.kyivstar.net","Ukraine","UA","Lviv","2016-06-13 00:54:33"
"178.150.140.8","projestic.com","Ukraine","UA","Kharkiv","2016-06-13 00:54:33"
"178.159.10.124","smtp.itdn.org.uk","United Kingdom","GB","Rugby","2016-06-13 00:54:33"
"178.254.0.108","sh16-56.1blu.de","Germany","DE","Berlin (Verwaltungsbezirk Mitte)","2016-06-13 00:54:33"
"178.33.228.18","ns230392.ovh.net","France","FR","Roubaix","2016-06-13 00:54:33"
"178.33.238.146","web11.dnspw.com","France","FR","Rosny-sous-Bois","2016-06-13 00:54:33"
"178.33.48.193","","Poland","PL","Wroc?aw","2016-06-13 00:54:33"
"178.62.236.128","server.leadstudios","Netherlands","NL","Amsterdam","2016-06-13 00:54:33"
"178.63.49.2","svr1.worldvoice.eu","Germany","DE","Falkenstein","2016-06-13 00:54:33"
"182.255.0.200","hosto.undip.ac.id","Indonesia","ID","Semarang","2016-06-13 00:54:33"
"184.168.192.157","p3nlwpweb012.prod.phx3.secureserver.net","United States","US","Scottsdale","2016-06-13 00:54:33"
"184.168.192.165","p3nlwpweb019.shr.prod.phx3.secureserver.net","United States","US","Scottsdale","2016-06-13 00:54:33"
"184.170.149.126","web119.lax1.coolhandle.com","United States","US","Los Angeles","2016-06-13 00:54:33"
"185.25.204.243","authsmtp.nirosoluzioni.it","Italy","IT","Scarperia e San Piero","2016-06-13 00:54:33"
"185.47.153.172","","Belarus","BY","Minsk","2016-06-13 00:54:33"
"185.49.12.162","185a49b12c162.greendata.pl","Poland","PL","Pozna? (Stare Miasto)","2016-06-13 00:54:33"
"185.6.73.111","wp2upp.upprovider.it","Italy","IT","Turin","2016-06-13 00:54:33"
"188.116.33.51","vps114.webion.pl","Poland","PL","Gda?sk","2016-06-13 00:54:33"
"188.120.246.104","vbstore.ru","Russia","RU","Kaluga","2016-06-13 00:54:33"
"188.125.162.146","linserver5.datatelekom.com","Turkey","TR","Istanbul","2016-06-13 00:54:33"
"188.165.128.164","sd3037.lineagrafica.es","Spain","ES","Madrid","2016-06-13 00:54:33"
"188.165.224.207","ns212390.ip-188-165-224.eu","France","FR","Roubaix","2016-06-13 00:54:33"
"188.165.229.190","ns321878.ip-188-165-229.eu","France","FR","Roubaix","2016-06-13 00:54:33"
"188.166.184.225","","Singapore","SG","Singapore","2016-06-13 00:54:33"
"188.39.46.35","188-39-46-35.static.enta.net","United Kingdom","GB","Chepstow","2016-06-13 00:54:33"
"190.60.31.22","22.31.60.190.host.ifxnetworks.com","Colombia","CO","Bogot√°","2016-06-13 00:54:33"
"190.98.205.44","","Chile","CL","Santiago","2016-06-13 00:54:33"
"191.96.249.20","","Chile","CL","Santiago","2016-06-13 00:54:33"
"191.96.249.53","","Russia","RU","Moscow","2016-06-13 00:54:33"
"191.96.249.54","","Russia","RU","Moscow","2016-06-13 00:54:33"
"192.169.216.58","ip-192-169-216-58.ip.secureserver.net","United States","US","Scottsdale","2016-06-13 00:54:33"
"192.169.234.218","ip-192-169-234-218.ip.secureserver.net","United States","US","Scottsdale","2016-06-13 00:54:33"
"192.227.187.3","","United States","US","Buffalo","2016-06-13 00:54:33"
"192.95.3.132","mailgw.nachtfalke.biz","Canada","CA","Montreal","2016-06-13 00:54:33"
"192.99.148.133","ns506839.ip-192-99-148.net","Canada","CA","Montreal","2016-06-13 00:54:33"
"193.126.233.66","193-126-233-66.net.novis.pt","Portugal","PT","Tercena","2016-06-13 00:54:33"