"107.20.224.41","ec2-107-20-224-41.compute-1.amazonaws.com","United States","US","Ashburn","2016-06-13 00:46:08"
"113.78.37.127","","China","CN","Dongguan","2016-06-13 00:46:08"
"113.78.37.219","","China","CN","Dongguan","2016-06-13 00:46:08"
"113.78.37.75","","China","CN","Dongguan","2016-06-13 00:46:08"
"118.142.72.62","","Hong Kong","HK","Central District","2016-06-13 00:46:08"
"120.151.132.77","pan1845695.lnk.telstra.net","Australia","AU","Sydney","2016-06-13 00:46:08"
"124.229.57.224","","China","CN","Changsha","2016-06-13 00:46:08"
"130.185.152.147","ptr147.iconservices027.com","Sweden","SE","Stockholm","2016-06-13 00:46:08"
"134.255.247.107","","Germany","DE","Heusenstamm","2016-06-13 00:46:08"
"14.222.49.18","","China","CN","Dongguan","2016-06-13 00:46:08"
"142.54.160.100","","United States","US","Kansas City","2016-06-13 00:46:08"
"163.125.145.19","","China","CN","Shenzhen","2016-06-13 00:46:08"
"163.125.80.101","","China","CN","Shenzhen","2016-06-13 00:46:08"
"163.125.90.123","","China","CN","Shenzhen","2016-06-13 00:46:08"
"165.228.66.128","powerc31.lnk.telstra.net","Australia","AU","Sydney","2016-06-13 00:46:08"
"168.215.186.146","","United States","US","New Orleans","2016-06-13 00:46:08"
"173.14.172.137","173-14-172-137-NewEngland.hfc.comcastbusiness.net","United States","US","Peabody","2016-06-13 00:46:08"
"173.167.239.201","173-167-239-201-ip-static.hfc.comcastbusiness.net","United States","US","Birmingham","2016-06-13 00:46:08"
"173.192.222.206","ce.de.c0ad.ip4.static.sl-reverse.com","United States","US","Chantilly","2016-06-13 00:46:08"
"173.242.112.12","server1.inovacaowebsystem.com.br","United States","US","Clarks Summit","2016-06-13 00:46:08"
"173.242.119.187","","United States","US","Clarks Summit","2016-06-13 00:46:08"
"177.47.195.136","177.47.195.136.pontenova.com.br","Brazil","BR","Ponte Nova","2016-06-13 00:46:08"
"180.154.57.78","","China","CN","Shanghai","2016-06-13 00:46:08"
"183.57.204.239","","China","CN","Guangzhou","2016-06-13 00:46:08"
"190.216.166.210","mail.ssk.com.pe","Peru","PE","Lima","2016-06-13 00:46:08"
"195.110.151.130","net151-130.mclink.it","Italy","IT","Rome","2016-06-13 00:46:08"
"199.189.84.200","usloft3309.dedicatedpanel.com","United States","US","St Louis","2016-06-13 00:46:08"
"200.42.211.130","adsl-211-130.tricom.net","Dominican Republic","DO","Santo Domingo","2016-06-13 00:46:08"
"202.136.109.205","202-136-109-205.static.adam.com.au","Australia","AU","Adelaide","2016-06-13 00:46:08"
"202.85.216.212","","China","CN","Beijing","2016-06-13 00:46:08"
"208.84.81.76","","United States","US","New York","2016-06-13 00:46:08"
"210.38.248.3","","China","CN","Guangzhou","2016-06-13 00:46:08"
"212.118.116.9","","Saudi Arabia","SA","Riyadh","2016-06-13 00:46:08"
"213.135.240.182","ip-213-135-240-182.static.luxdsl.pt.lu","Luxembourg","LU","Luxembourg","2016-06-13 00:46:08"
"213.222.162.135","business-213-222-162-135.business.broadband.hu","Hungary","HU","Debrecen","2016-06-13 00:46:08"
"216.118.139.113","dhcp-5c-8f-e0-20-fb-ee.cpe.seaside.ns.ca","Canada","CA","Glace Bay","2016-06-13 00:46:08"
"217.115.117.31","","Ireland","IE","Newmarket","2016-06-13 00:46:08"
"217.174.250.46","server217-174-250-46.live-servers.net","United Kingdom","GB","Gloucester","2016-06-13 00:46:08"
"220.130.123.108","","Taiwan","TW","Sanchong City","2016-06-13 00:46:08"
"24.180.0.126","24-180-0-126.static.snlo.ca.charter.com","United States","US","San Luis Obispo","2016-06-13 00:46:08"
"27.38.75.153","","China","CN","Shenzhen","2016-06-13 00:46:08"
"37.0.121.132","mx.loyalbrandnames.com","Russia","RU","Krasnogorsk","2016-06-13 00:46:08"
"37.0.121.143","","Russia","RU","Krasnogorsk","2016-06-13 00:46:08"
"42.62.10.178","","China","CN","Beijing","2016-06-13 00:46:08"
"58.250.116.170","","China","CN","Shenzhen","2016-06-13 00:46:08"
"58.250.116.177","","China","CN","Shenzhen","2016-06-13 00:46:08"
"58.250.116.183","","China","CN","Shenzhen","2016-06-13 00:46:08"
"58.250.116.19","","China","CN","Shenzhen","2016-06-13 00:46:08"
"58.250.116.193","","China","CN","Shenzhen","2016-06-13 00:46:08"
"58.250.116.196","","China","CN","Shenzhen","2016-06-13 00:46:08"
"58.250.116.199","","China","CN","Shenzhen","2016-06-13 00:46:08"
"58.250.116.220","","China","CN","Shenzhen","2016-06-13 00:46:08"
"58.250.116.243","","China","CN","Shenzhen","2016-06-13 00:46:08"
"58.250.116.38","","China","CN","Shenzhen","2016-06-13 00:46:08"
"58.250.116.44","","China","CN","Shenzhen","2016-06-13 00:46:08"
"58.250.116.70","","China","CN","Shenzhen","2016-06-13 00:46:08"
"58.250.116.85","","China","CN","Shenzhen","2016-06-13 00:46:08"
"58.250.116.95","","China","CN","Shenzhen","2016-06-13 00:46:08"
"58.250.117.153","","China","CN","Shenzhen","2016-06-13 00:46:08"
"58.250.117.2","","China","CN","Shenzhen","2016-06-13 00:46:08"
"58.250.117.54","","China","CN","Shenzhen","2016-06-13 00:46:08"
"58.250.117.75","","China","CN","Shenzhen","2016-06-13 00:46:08"
"58.250.117.79","","China","CN","Shenzhen","2016-06-13 00:46:08"
"58.250.117.88","","China","CN","Shenzhen","2016-06-13 00:46:08"
"58.250.118.100","","China","CN","Shenzhen","2016-06-13 00:46:08"
"58.250.118.120","","China","CN","Shenzhen","2016-06-13 00:46:08"
"58.250.118.129","","China","CN","Shenzhen","2016-06-13 00:46:08"
"58.250.118.134","","China","CN","Shenzhen","2016-06-13 00:46:08"
"58.250.118.15","","China","CN","Shenzhen","2016-06-13 00:46:08"
"58.250.118.161","","China","CN","Shenzhen","2016-06-13 00:46:08"
"58.250.118.193","","China","CN","Shenzhen","2016-06-13 00:46:08"
"58.250.118.208","","China","CN","Shenzhen","2016-06-13 00:46:08"
"58.250.118.227","","China","CN","Shenzhen","2016-06-13 00:46:08"
"58.250.118.234","","China","CN","Shenzhen","2016-06-13 00:46:08"
"58.250.118.238","","China","CN","Shenzhen","2016-06-13 00:46:08"
"58.250.118.74","","China","CN","Shenzhen","2016-06-13 00:46:08"
"58.250.118.88","","China","CN","Shenzhen","2016-06-13 00:46:08"
"58.250.119.127","","China","CN","Shenzhen","2016-06-13 00:46:08"
"58.250.119.163","","China","CN","Shenzhen","2016-06-13 00:46:08"
"58.250.119.170","","China","CN","Shenzhen","2016-06-13 00:46:08"
"58.250.119.245","","China","CN","Shenzhen","2016-06-13 00:46:08"
"58.250.119.247","","China","CN","Shenzhen","2016-06-13 00:46:08"
"58.250.119.60","","China","CN","Shenzhen","2016-06-13 00:46:08"
"58.250.119.85","","China","CN","Shenzhen","2016-06-13 00:46:08"
"58.250.97.71","","China","CN","Shenzhen","2016-06-13 00:46:08"
"60.6.200.20","","China","CN","Hebei","2016-06-13 00:46:08"
"61.19.233.6","","Thailand","TH","Bangkok","2016-06-13 00:46:08"
"62.193.208.59","","France","FR","Paris","2016-06-13 00:46:08"
"64.111.100.110","australiancomment.com","United States","US","Brea","2016-06-13 00:46:08"
"64.60.27.164","64-60-27-164.static-ip.telepacific.net","United States","US","Los Angeles","2016-06-13 00:46:08"
"65.15.77.226","adsl-065-015-077-226.sip.asm.bellsouth.net","United States","US","Marietta","2016-06-13 00:46:08"
"65.40.106.168","nc-65-40-106-168.sta.embarqhsd.net","United States","US","New Bern","2016-06-13 00:46:08"
"65.40.106.196","nc-65-40-106-196.sta.embarqhsd.net","United States","US","New Bern","2016-06-13 00:46:08"
"67.78.184.154","rrcs-67-78-184-154.se.biz.rr.com","United States","US","Saint Petersburg","2016-06-13 00:46:08"
"69.64.47.113","balder833.startdedicated.com","United States","US","St Louis","2016-06-13 00:46:08"
"71.180.143.98","static-71-180-143-98.tampfl.fios.frontiernet.net","United States","US","Bradenton","2016-06-13 00:46:08"
"71.93.56.70","mail.sanluismotorsports.com","United States","US","Paso Robles","2016-06-13 00:46:08"
"72.32.84.92","","United States","US","San Antonio","2016-06-13 00:46:08"
"74.165.224.134","adsl-074-165-224-134.sip.msy.bellsouth.net","United States","US","Madisonville","2016-06-13 00:46:08"
"79.39.97.21","host21-97-static.39-79-b.business.telecomitalia.it","Italy","IT","Rimini","2016-06-13 00:46:08"