"193.200.150.125","mail125.anonymouse.org","Seychelles","SC","Victoria","2016-06-15 02:28:13"
"173.201.196.4","p3nlhg240.shr.prod.phx3.secureserver.net","United States","US","Scottsdale","2016-06-15 02:28:12"
"149.202.208.7","ns3036802.ip-149-202-208.eu","France","FR","Roubaix","2016-06-15 02:28:09"
"173.234.209.162","173.234.209.162.rdns.ubiquity.io","United States","US","Burbank","2016-06-15 02:28:09"
"2001:41d0:1000:1207::","","France","FR","Roubaix","2016-06-15 02:28:09"
"69.197.181.194","one.proxlabs.com","United States","US","Kansas City","2016-06-15 02:28:07"
"203.189.105.195","k2.xrea.com","Japan","JP","Tokyo","2016-06-15 02:28:05"
"209.126.69.150","I150.datasoft.ws","United States","US","St Louis","2016-06-15 02:24:31"
"195.154.97.138","195-154-97-138.rev.poneytelecom.eu","France","FR","Paris (8th arrondissement of Paris)","2016-06-15 02:24:29"
"95.211.158.72","","Netherlands","NL","Amsterdam","2016-06-15 02:24:27"
"213.136.94.10","tor.zproxy.de","Germany","DE","Frankfurt","2016-06-15 02:17:45"
"62.84.244.41","server.secretproxy.org","Netherlands","NL","Eindhoven (Rapenland)","2016-06-15 02:17:44"
"107.170.174.130","","United States","US","New York","2016-06-15 02:05:37"
"62.212.73.246","","Netherlands","NL","Amsterdam","2016-06-15 02:05:36"
"88.86.111.225","strike2.digitalniservis.cz","Czech Republic","CZ","Stráž nad Nisou","2016-06-15 02:05:36"
"94.75.227.230","","Netherlands","NL","Amsterdam","2016-06-15 02:05:33"
"5.135.155.76","ks3298759.kimsufi.com","France","FR","Montevrain","2016-06-15 02:05:31"
"2001:41d0:8:d54c::1","","France","FR","Cachan","2016-06-15 02:05:29"
"96.31.64.186","96-31-64-186.static.hvvc.us","United States","US","Tampa","2016-06-15 02:05:28"
"104.131.4.107","","United States","US","New York","2016-06-15 02:05:25"
"5.135.159.80","ns3303176.ip-5-135-159.eu","France","FR","Cachan","2016-06-15 02:03:07"
"2001:41d0:8:d950::1","","France","FR","Cachan","2016-06-15 02:03:06"
"5.39.91.37","ks3277717.kimsufi.com","France","FR","Sannois","2016-06-15 02:03:02"
"195.154.126.106","195-154-126-106.rev.poneytelecom.eu","France","FR","Juvisy-sur-Orge","2016-06-15 02:03:00"
"149.210.148.6","149-210-148-6.colo.transip.net","United States","US","New York (Manhattan)","2016-06-15 02:02:50"
"2a01:7c8:aab2:30e::1","","Netherlands","NL","Leiden","2016-06-15 02:02:48"
"192.81.249.94","anonymousfreeproxy.info","United States","US","Cheyenne","2016-06-15 02:02:40"
"173.230.146.25","diggfreeware.com","United States","US","Absecon","2016-06-15 02:01:53"
"2600:3c01::f03c:91ff:fe70:9208","diggfreeware.com","United States","US","Absecon","2016-06-15 02:01:49"
"69.195.146.94","","United States","US","Kansas City","2016-06-15 02:01:46"
"174.139.0.100","customer.krypt.com","United States","US","Orange","2016-06-15 02:01:44"
"78.129.133.196","","United Kingdom","GB","Maidenhead","2016-06-15 02:01:43"
"173.0.63.168","","United States","US","Kansas City","2016-06-15 02:01:41"
"162.220.59.66","goto.v4server.com","United States","US","Tampa","2016-06-15 02:01:39"
"77.93.204.79","","Czech Republic","CZ","Prague","2016-06-15 02:01:34"
"109.104.199.68","68.199.104.109.bergon.net","Bulgaria","BG","Dobrich","2016-06-15 02:01:31"
"176.31.232.167","ns226951.ovh.net","France","FR","Paris","2016-06-15 02:01:29"
"216.155.153.104","216-155-153-104.unmeteredservers.com","United States","US","Matawan","2016-06-15 02:01:26"
"141.105.125.183","vps1.v-u.be","Netherlands","NL","Dordrecht","2016-06-15 02:01:21"
"2a02:2308:20:0:216:3eff:fe18:ffd9","","Netherlands","NL","Dordrecht (Industriegebied West)","2016-06-15 02:01:20"