"91.54.78.34","p5B364E22.dip0.t-ipconnect.de","Germany","DE","Bayreuth","2016-06-13 00:13:39"
"91.55.246.9","p5B37F609.dip0.t-ipconnect.de","Germany","DE","Erlangen","2016-06-13 00:13:39"
"91.59.184.175","p5B3BB8AF.dip0.t-ipconnect.de","Germany","DE","Kiel","2016-06-13 00:13:39"
"91.59.71.49","p5B3B4731.dip0.t-ipconnect.de","Germany","DE","Kassel","2016-06-13 00:13:39"
"91.59.77.74","p5B3B4D4A.dip0.t-ipconnect.de","Germany","DE","Kassel","2016-06-13 00:13:39"
"91.63.150.127","p5B3F967F.dip0.t-ipconnect.de","Germany","DE","Frankfurt am Main","2016-06-13 00:13:39"
"91.63.187.171","p5B3FBBAB.dip0.t-ipconnect.de","Germany","DE","Wiggensbach","2016-06-13 00:13:39"
"91.64.194.138","ip5b40c28a.dynamic.kabel-deutschland.de","Germany","DE","Berlin","2016-06-13 00:13:39"
"91.64.251.140","ip5b40fb8c.dynamic.kabel-deutschland.de","Germany","DE","Senftenberg","2016-06-13 00:13:39"
"91.64.54.129","ip5b403681.dynamic.kabel-deutschland.de","Germany","DE","Berlin","2016-06-13 00:13:39"
"91.64.87.116","ip5b405774.dynamic.kabel-deutschland.de","Germany","DE","Berlin","2016-06-13 00:13:39"
"91.65.107.64","ip5b416b40.dynamic.kabel-deutschland.de","Germany","DE","Hamburg","2016-06-13 00:13:39"
"91.65.134.181","ip5b4186b5.dynamic.kabel-deutschland.de","Germany","DE","Berlin","2016-06-13 00:13:39"
"91.65.138.3","ip5b418a03.dynamic.kabel-deutschland.de","Germany","DE","Berlin","2016-06-13 00:13:39"
"91.65.23.100","ip5b411764.dynamic.kabel-deutschland.de","Germany","DE","Berlin","2016-06-13 00:13:39"
"91.65.58.65","ip5b413a41.dynamic.kabel-deutschland.de","Germany","DE","Berlin","2016-06-13 00:13:39"
"91.65.67.48","ip5b414330.dynamic.kabel-deutschland.de","Germany","DE","Teltow","2016-06-13 00:13:39"
"91.66.253.36","ip5b42fd24.dynamic.kabel-deutschland.de","Germany","DE","Berlin","2016-06-13 00:13:39"
"91.7.167.58","p5B07A73A.dip0.t-ipconnect.de","Germany","DE","Wittmund","2016-06-13 00:13:39"
"91.82.237.127","i127-237-82-91.hosting.3in1.hu","Hungary","HU","Budaörs","2016-06-13 00:13:39"
"91.89.105.164","HSI-KBW-091-089-105-164.hsi2.kabelbw.de","Germany","DE","Oftersheim","2016-06-13 00:13:39"
"91.89.246.6","HSI-KBW-091-089-246-006.hsi2.kabel-badenwuerttemberg.de","Germany","DE","Ludwigsburg","2016-06-13 00:13:39"
"91.89.80.125","HSI-KBW-091-089-080-125.hsi2.kabelbw.de","Germany","DE","Göppingen","2016-06-13 00:13:39"
"91.92.109.53","","Bulgaria","BG","Sofia","2016-06-13 00:13:39"
"91.97.45.85","host-091-097-045-085.ewe-ip-backbone.de","Germany","DE","Bad Zwischenahn","2016-06-13 00:13:39"
"91.97.84.8","host-091-097-084-008.ewe-ip-backbone.de","Germany","DE","Oldenburg","2016-06-13 00:13:39"
"92.104.0.174","174.0.104.92.dynamic.wline.res.cust.swisscom.ch","Switzerland","CH","Lausanne","2016-06-13 00:13:39"
"92.105.185.132","132.185.105.92.dynamic.wline.res.cust.swisscom.ch","Switzerland","CH","Echandens","2016-06-13 00:13:39"
"92.108.61.249","92-108-61-249.dynamic.upc.nl","Netherlands","NL","Amsterdam","2016-06-13 00:13:39"
"92.110.138.26","","Netherlands","NL","Rotterdam","2016-06-13 00:13:39"
"92.111.4.177","mail.libremail.nl","Netherlands","NL","Amsterdam","2016-06-13 00:13:39"
"92.135.18.199","ARennes-653-1-155-199.w92-135.abo.wanadoo.fr","France","FR","Saint-Bihy","2016-06-13 00:13:39"
"92.139.168.98","ARennes-653-1-9-98.w92-139.abo.wanadoo.fr","France","FR","Lanester","2016-06-13 00:13:39"
"92.167.140.68","LFbn-1-7728-68.w92-167.abo.wanadoo.fr","France","FR","Brest","2016-06-13 00:13:39"
"92.193.22.176","port-92-193-22-176.dynamic.qsc.de","Germany","DE","Raunheim","2016-06-13 00:13:39"
"92.194.29.46","port-92-194-29-46.dynamic.qsc.de","Germany","DE","Munich","2016-06-13 00:13:39"
"92.195.103.248","port-92-195-103-248.dynamic.qsc.de","Germany","DE","Berlin","2016-06-13 00:13:39"
"92.202.73.27","port-92-202-73-27.dynamic.qsc.de","Germany","DE","Cologne","2016-06-13 00:13:39"
"92.204.71.100","port-92-204-71-100.dynamic.qsc.de","Germany","DE","Frechen","2016-06-13 00:13:39"
"92.204.83.8","port-92-204-83-8.dynamic.qsc.de","Germany","DE","Cologne","2016-06-13 00:13:39"
"92.206.221.70","","Germany","DE","Berlin","2016-06-13 00:13:39"