"69.89.31.120","box320.bluehost.com","United States","US","Provo","2016-06-15 08:53:50"
"2600:3c02::f03c:91ff:fe98:9ac5","","United States","US","Absecon","2016-06-15 08:53:47"
"54.152.197.27","ec2-54-152-197-27.compute-1.amazonaws.com","United States","US","Ashburn","2016-06-15 08:53:47"
"54.163.83.93","ec2-54-163-83-93.compute-1.amazonaws.com","United States","US","Ashburn","2016-06-15 08:53:34"
"2600:3c02::f03c:91ff:fe98:eba2","","United States","US","Absecon","2016-06-15 08:48:39"
"54.174.118.39","ec2-54-174-118-39.compute-1.amazonaws.com","United States","US","Ashburn","2016-06-15 08:48:38"
"54.175.0.41","ec2-54-175-0-41.compute-1.amazonaws.com","United States","US","Ashburn","2016-06-15 08:43:22"
"54.173.103.91","ec2-54-173-103-91.compute-1.amazonaws.com","United States","US","Ashburn","2016-06-15 08:38:27"
"2600:3c02::f03c:91ff:fe98:eb1d","","United States","US","Absecon","2016-06-15 08:36:19"
"52.87.163.39","ec2-52-87-163-39.compute-1.amazonaws.com","United States","US","Ashburn","2016-06-15 08:31:17"
"54.89.255.165","ec2-54-89-255-165.compute-1.amazonaws.com","United States","US","Ashburn","2016-06-15 08:24:02"
"54.165.90.153","ec2-54-165-90-153.compute-1.amazonaws.com","United States","US","Ashburn","2016-06-15 08:19:13"
"52.23.187.19","ec2-52-23-187-19.compute-1.amazonaws.com","United States","US","Ashburn","2016-06-15 08:01:56"
"54.173.85.97","ec2-54-173-85-97.compute-1.amazonaws.com","United States","US","Ashburn","2016-06-15 07:35:31"
"52.87.235.211","ec2-52-87-235-211.compute-1.amazonaws.com","United States","US","Ashburn","2016-06-15 05:30:34"
"54.226.185.22","ec2-54-226-185-22.compute-1.amazonaws.com","United States","US","Ashburn","2016-06-15 00:38:40"
"50.116.45.218","li484-218.members.linode.com","United States","US","Absecon","2016-06-14 21:22:48"
"192.155.95.166","li629-166.members.linode.com","United States","US","Absecon","2016-06-14 21:10:33"
"52.201.243.42","ec2-52-201-243-42.compute-1.amazonaws.com","United States","US","Ashburn","2016-06-14 06:05:14"
"54.167.191.71","ec2-54-167-191-71.compute-1.amazonaws.com","United States","US","Ashburn","2016-06-14 00:01:53"
"54.175.38.147","ec2-54-175-38-147.compute-1.amazonaws.com","United States","US","Ashburn","2016-06-13 14:10:42"
"54.211.85.212","ec2-54-211-85-212.compute-1.amazonaws.com","United States","US","Ashburn","2016-06-13 12:26:04"
"92.249.223.121","92-249-223-121.pool.digikabel.hu","Hungary","HU","Budapest","2016-06-12 20:06:04"
"54.209.231.205","ec2-54-209-231-205.compute-1.amazonaws.com","United States","US","Ashburn","2016-06-12 13:44:59"
"54.147.207.15","ec2-54-147-207-15.compute-1.amazonaws.com","United States","US","Ashburn","2016-06-12 12:13:06"
"216.218.147.194","","United States","US","Fremont","2016-06-11 15:27:08"
"54.211.253.215","ec2-54-211-253-215.compute-1.amazonaws.com","United States","US","Ashburn","2016-06-11 11:42:13"
"54.92.131.60","ec2-54-92-131-60.compute-1.amazonaws.com","United States","US","Ashburn","2016-06-10 11:24:48"
"54.211.195.244","ec2-54-211-195-244.compute-1.amazonaws.com","United States","US","Ashburn","2016-06-09 10:23:54"
"54.166.205.208","ec2-54-166-205-208.compute-1.amazonaws.com","United States","US","Ashburn","2016-06-08 09:52:33"
"2600:3c02::f03c:91ff:fe08:89af","","United States","US","Absecon","2016-06-07 18:53:13"
"54.160.223.160","ec2-54-160-223-160.compute-1.amazonaws.com","United States","US","Ashburn","2016-06-07 09:25:28"
"54.69.99.109","ec2-54-69-99-109.us-west-2.compute.amazonaws.com","United States","US","Boardman","2016-06-07 08:19:33"
"54.243.2.126","ec2-54-243-2-126.compute-1.amazonaws.com","United States","US","Ashburn","2016-06-07 06:38:35"
"50.116.40.56","li466-56.members.linode.com","United States","US","Absecon","2016-06-06 20:32:06"
"46.151.211.249","46.151.211.249.in-addr.arpa","Saudi Arabia","SA","Riyadh","2016-06-06 15:59:48"
"64.62.210.38","","United States","US","Fremont","2016-06-06 13:40:36"
"23.20.128.114","ec2-23-20-128-114.compute-1.amazonaws.com","United States","US","Ashburn","2016-06-06 09:12:49"
"45.79.221.239","li1320-239.members.linode.com","United States","US","Absecon","2016-06-05 19:06:54"
"54.224.89.141","ec2-54-224-89-141.compute-1.amazonaws.com","United States","US","Ashburn","2016-06-05 08:42:07"